id,firstName,lastName,dateOfbirth,phoneNumber
7400640356,Cassaundra,Scolding,08/10/2013,361-535-8533
6049438749,Ezekiel,Donizeau,05/19/2004,640-285-7124
4482461962,Kermie,Pleavin,05/12/2012,702-479-8694
3149565111,Randene,Boxell,02/16/1940,808-210-9035
4231125511,Yolanthe,Brimson,06/27/1946,451-903-1729
7213851179,Homer,Dackombe,06/30/2008,424-590-6811
9865331209,Goldi,Schubbert,01/21/1999,831-164-1384
5043555122,Rayna,O'Cullinane,08/10/1944,991-572-0398
3215011794,Rosalinde,Drance,08/29/2014,410-811-7661
0327540591,Ware,Maplestone,03/26/1999,765-408-8702
5608500830,Lesya,Courtliff,11/21/1965,137-558-5443
9341154294,See,Remon,08/29/2013,670-921-6328
6323603543,Siward,Coffee,02/18/2017,875-442-5647
1719825629,Amandy,Garralts,04/09/1987,212-571-3715
6524989651,Hillery,Skill,03/14/1960,488-980-7956
6836306959,Anton,Piller,10/08/1974,751-369-1174
2119670269,Rice,Briggdale,03/16/2007,529-584-9832
8558394474,Justin,Abelov,10/04/2001,942-736-8366
3766723642,Kalindi,Hilary,10/20/1980,517-542-4076
0859097188,Sebastiano,Salvador,03/10/2008,583-549-0652
4996381256,Elena,Scading,01/09/1945,990-204-4197
0452573092,Penelope,Hufton,06/20/2008,354-702-5229
1757088806,Harold,McCory,09/07/1927,560-394-3868
1045276022,Dennis,Ivankin,04/14/1957,887-649-5408
6254213613,Haleigh,Chaffen,05/15/1986,587-958-8826
5726910052,Gusta,Beecker,03/30/1952,824-157-7953
7041869008,Jerrie,Tune,05/17/1922,258-244-9234
5102630598,Gav,Catcherside,03/23/1948,503-926-4855
3830510012,Bettye,Kibbye,06/07/1999,619-351-2646
5531650051,Nicol,Newbury,03/18/1987,415-302-2427
6031614723,Jeramie,Laidlow,04/02/1996,273-249-4594
2926614780,Marla,McCrystal,08/21/1994,918-374-0385
2924295114,Benji,Keattch,01/02/1928,887-835-3625
7756177053,Juditha,Siman,07/13/1991,693-385-6672
3550524226,Karoly,Jansen,06/20/1921,245-672-8640
3116407584,Howey,Meco,10/13/1951,109-522-4842
9919238244,Lilli,Culmer,12/05/1985,526-797-8089
3946684505,Purcell,Shirrell,08/08/2010,726-335-2164
2045839001,Emelia,Edrich,12/31/1925,388-909-0374
2601890452,Chance,Roderigo,07/13/1945,130-395-6774
1108898270,Jasmin,Toffanelli,11/23/1973,121-529-8479
5294390493,Odelle,Nevison,04/29/1956,494-486-1373
4409877208,Kenna,Cleverly,07/01/1991,171-751-9237
5187463896,Edie,Vannoort,09/11/2004,628-356-6442
2063545197,Anita,Ossenna,01/21/2012,431-744-4111
5796823221,Butch,Harcourt,07/28/1991,882-604-9894
6079091607,Doretta,Coomer,10/10/1960,718-105-3272
0080991017,Adrien,Janson,04/12/2013,134-306-4068
4675579876,Gregory,Minichillo,06/24/1922,226-938-2017
4348869227,Tanner,Wallentin,05/14/1932,355-801-3888
7118659495,Hillard,Eltun,02/16/1952,202-741-9562
3006028449,Randolph,Girardetti,03/25/1984,853-737-5299
1389622584,Gran,Lammerts,04/20/1928,321-371-4604
7089567761,Pamella,Cordery,06/17/1924,488-512-4104
6769299879,Janith,Plumridge,05/26/1926,343-112-5224
6543974680,Joel,Pechold,01/18/1949,869-387-4770
7172410807,Wylma,Corrigan,01/20/1949,494-918-5105
3715060360,Elita,Tapping,03/03/1981,264-318-7522
3004301709,Genevra,Hammelberg,02/13/1978,391-455-1206
9011848918,Ameline,Bidnall,01/02/2002,166-944-9504
8465547262,Kari,Dykas,12/30/1931,464-685-2639
9203755977,Liza,Conen,12/25/1957,954-107-9348
4116301884,Maribel,Golson,04/21/2015,488-324-1885
9531776830,Anneliese,Driscoll,08/21/1924,463-248-4247
7196871669,Kelly,Manilow,12/31/1997,608-150-0008
5227062439,Bunni,Rawlyns,03/18/1976,501-691-6750
1606147722,Cortie,Peye,04/30/2002,269-249-4276
1980493162,Glenn,Saltsberger,12/21/1971,854-271-3768
3103380577,Cecile,Gammel,06/28/1947,623-670-2381
3756025411,Filia,Roxby,10/03/1950,160-137-0863
5434202597,Braden,Winram,12/13/1943,191-857-6845
4726354124,Sandye,Chatwin,09/10/1954,527-298-5190
6421413269,Mathias,McEwen,02/26/1987,889-957-7366
2518574239,Land,Ellaway,05/11/1998,370-905-3718
0674365690,Gabey,Croci,12/03/1937,546-824-2244
9280032496,Dave,Rathborne,06/13/1957,406-190-9648
5516261856,Caprice,Kibby,10/09/1939,606-588-9669
7404211646,Giff,Palmar,07/04/2000,618-147-4366
8364364685,Clerkclaude,Bellard,03/14/1920,895-439-1621
7068417612,Myrilla,Huncoot,07/28/1922,354-438-7567
6785824230,Parrnell,Beebe,03/29/1990,253-195-0638
9130261333,Gottfried,Denholm,12/23/1991,204-710-3937
9840617249,Johna,Noirel,04/19/1941,941-592-0438
1710921218,Gan,Kinnane,01/19/2006,293-332-6079
7197212456,Lindi,Dubique,09/06/1973,460-920-6395
6007260879,Christophorus,Jedrzejczyk,03/17/1982,240-385-0175
8079642117,Cacilie,Grinvalds,07/22/1975,900-946-3757
5420960540,Massimo,Linfoot,12/06/1977,164-959-9592
5511874426,Samantha,Reaney,11/02/1989,842-502-7881
8176825352,Irving,Ullyott,12/04/1982,762-752-7453
6986037791,Bibbye,Cosans,06/05/1963,171-933-5963
5257131382,Tedra,Renackowna,10/06/1999,850-553-5326
8874819145,Isidor,Cavil,06/06/1934,877-274-0486
3182004328,Kim,Suett,03/10/2010,780-455-4863
1197336524,Elston,Northcott,01/22/1975,363-643-9778
3161900596,Rosanna,Rapkins,11/02/1992,769-324-0453
1007826622,Claus,McQuilkin,08/08/1997,109-492-8261
2796282163,Zacharia,Penchen,07/10/1923,107-613-3051
2582618160,Marijo,Iannuzzelli,07/15/1943,379-807-5254
1239389140,Allix,Wank,09/12/1976,586-901-9987
6479499913,Harp,Calvey,03/05/2011,733-682-4636
1320138810,Gwendolen,Sleite,05/16/1992,133-572-2562
3132839744,Carlita,Cristobal,10/24/1962,830-648-1729
8333647545,Kath,Howler,04/11/2006,527-404-5167
1063436869,Darice,Whetson,09/25/2017,773-632-4922
9927195745,Armin,Charlton,11/27/1989,207-862-1014
4541744759,Katha,McMurdo,01/20/1991,741-525-5759
3794039521,Will,Worsfold,09/14/1989,515-844-4842
5202462999,Jeni,Martinuzzi,05/11/1926,292-500-3833
5753933505,Judie,Spargo,02/01/1941,570-289-0363
9130691109,Joline,Atrill,10/13/1937,775-874-0233
4406091254,Sandy,Sunley,05/14/1937,154-589-8869
4766065166,Kathleen,Follis,04/12/1933,425-970-5368
4368459970,Davin,Leys,01/23/1983,178-139-3893
9419662535,Berenice,Mathely,12/17/1938,224-275-3183
6495043104,Marsha,Pears,12/13/1957,341-663-9945
0497080915,Tore,Chisholm,08/23/1982,782-268-0554
3291290194,Donal,Ingleby,08/17/2008,201-954-6914
7035191143,Alissa,Delgardillo,01/02/1994,590-766-2196
1234674904,Stefa,Kinch,06/02/1945,987-611-1377
4352784516,Brande,Boulton,09/08/1975,683-799-3934
4072621293,Marice,Lates,03/28/1966,195-162-5819
0795897529,Raphael,Karus,11/28/1976,108-174-9788
9350482606,Sawyer,Alvarado,02/27/1971,812-607-6089
0562953906,Hillary,Cheeseman,01/02/1922,267-150-6697
9387465713,Aubine,Smoth,07/12/2008,695-180-2762
1861142862,Reggis,de Najera,05/12/2015,742-201-5703
1236030249,Freeman,Briscoe,03/12/1940,300-723-6840
4932592175,Sholom,Leahey,07/07/1968,214-894-2704
6831926932,Erin,Swapp,03/08/1971,426-140-7993
0176810307,Dee dee,Kubicek,05/07/1936,195-612-7244
3866108346,Ellswerth,Tummasutti,12/11/1961,109-934-0072
4546218885,Reggy,Coffelt,09/05/1934,276-924-1264
2442989689,Shaine,Bernardinelli,03/27/1951,907-989-3667
7819988703,Amby,Van Der Hoog,08/24/1953,455-256-5256
7741086154,Sapphira,Dumini,03/03/1986,132-618-0281
7026268554,Ashil,Mandrey,04/23/1980,133-662-4504
7637540944,Irena,MacGettigen,03/27/1942,108-559-9142
9426960694,Angel,Amis,02/01/1965,141-118-6117
4468444363,Skippy,Craigg,11/29/1973,190-837-4216
3060450951,Ginny,Simon,05/26/2001,406-810-9757
1533863016,Geno,Richin,09/06/1927,831-351-2314
9256660636,Ilario,Rogeon,01/11/1958,115-866-6879
9912913140,Guinna,Ridder,10/03/1999,358-550-8636
9670162483,Kip,Guswell,12/19/1964,156-815-4804
8171195350,Trixy,Norster,04/12/1999,143-597-0106
8987277860,Friedrick,Kelshaw,11/21/2017,484-280-1323
7540162252,Gipsy,Aronov,09/30/1976,837-619-6186
8675624581,Cassius,Matskevich,08/03/2013,537-821-6672
9720253789,Aylmer,Morden,03/27/1970,489-398-5957
7126042027,Rory,Bartlosz,09/12/1994,540-108-4446
1167108310,Kylila,Hegarty,05/15/1956,161-921-6676
8960979821,Manfred,Anwyl,01/31/2000,256-898-2783
5794029315,Bearnard,Perot,03/22/2001,722-743-1651
5663968121,Paolo,Rozier,05/18/1986,483-615-1964
6640334852,Konstantin,Jacques,03/10/1980,855-661-7667
5568562326,Graeme,Penlington,10/26/1946,915-488-2555
0251954536,Shari,Tenant,07/24/1952,602-204-2671
3623573175,Sindee,Folke,08/04/2013,874-629-7725
6141410588,Thorpe,Ralton,05/18/1931,149-966-3822
8791374170,Barty,Vasiliu,08/25/1964,890-884-3843
7997999302,Joby,Highwood,08/29/1992,339-886-7567
0624452727,Felix,Fallis,07/31/2000,719-417-3771
2282978137,Zorah,Westpfel,08/30/1942,893-574-6821
4933180954,Laural,Zamora,09/29/1942,126-303-0513
7243004261,Dugald,Morrallee,09/19/1941,554-301-6690
3087808091,Ingar,Collard,02/20/1949,524-313-2114
9728847637,Donny,Yellep,03/04/1980,873-439-9272
2133382755,Corey,Twells,11/14/1977,914-393-3582
2960362535,Marsiella,Churches,01/28/2004,938-399-4369
8848273246,Lowe,Wickmann,09/02/1998,424-783-6077
5137703273,Fara,Linguard,07/06/1978,397-820-5320
8519163599,Almeria,Sickamore,02/14/2012,856-749-6090
6798365825,Pet,Caldecot,07/11/2017,635-648-6371
4455174982,Malory,Tackley,09/09/1973,724-440-3864
2028179333,Debby,Block,10/27/2003,905-540-2856
4274388247,Verina,Warlton,03/15/1951,447-936-8829
1530601509,Cordie,Schruyers,04/21/1924,277-203-0945
7596890709,Idaline,Theakston,09/29/1964,773-338-8777
6037975361,Cammy,Skotcher,01/12/1939,606-852-6255
6673856424,Irina,Howell,02/04/1966,696-249-0465
5419078813,Constantine,Jocelyn,06/22/1926,964-592-6056
1623204011,Wye,Cuseick,09/11/1961,538-719-4248
9549329046,Selby,Bazelle,10/11/1940,699-431-4652
3091466922,Elayne,Clunie,03/01/1924,699-661-1963
4875227353,Wilow,Hawkridge,01/15/1931,864-669-5052
1470975459,Arvie,Trehearn,02/02/2003,986-725-4694
7873391817,Basia,Comins,07/24/2011,513-312-0053
2903458596,Elianora,Berkowitz,10/03/1996,376-257-6442
5251247893,Joanne,Castlake,05/18/2004,722-596-4109
1432671634,Letisha,Knocker,01/23/1960,708-311-2617
3573791271,Sophronia,Mulford,09/12/1985,901-619-1714
8899319502,Alexis,Ivanonko,02/07/1960,493-572-9242
2220922871,Wallie,Di Batista,06/18/1985,125-849-2646
0466252625,Filip,Dybald,06/13/2002,417-301-8375
9504597823,Hetti,Case,12/21/1982,470-787-3466
5981581638,Paulie,Mucklestone,08/12/1933,356-682-4819
3412680036,Harry,Fairall,12/05/1940,833-192-0644
2427306320,Myrah,Butterfint,12/17/1953,322-601-4005
9046048799,Agneta,Girardy,03/08/1953,229-691-1558
8276463630,Adan,Ferrettini,01/23/1977,803-944-2455
2904441107,Antony,Sawforde,07/22/1949,215-951-6353
3749945357,Wade,Maggiore,08/30/2014,218-106-2591
5332640196,Stewart,Stollberg,07/28/1981,163-846-4384
6084681859,Ginny,Boultwood,03/06/1955,998-908-0125
2585727149,Al,York,07/02/2008,197-176-6495
2719386510,Thaxter,MacDirmid,02/23/2015,512-361-0694
8242322449,Clemmy,Bradly,12/22/1940,121-101-5229
8309488742,Carver,Alyutin,05/20/1962,374-157-0669
2409167217,Cullan,Jumont,04/06/2013,522-222-5374
6882411107,Rasia,Shervington,01/27/1985,964-979-6865
4578185478,Paule,Abdon,04/05/1996,179-782-4282
1776333918,Gordon,Scourfield,08/09/1925,657-992-1405
8790307798,Brooke,Grummitt,05/02/2012,542-310-6565
9933902504,Gabriela,Eccleston,02/16/2015,477-693-9979
3342113227,Mitchel,Dearnly,11/08/1954,270-957-0150
1382166095,Addie,Blanque,04/17/1977,631-339-8796
5413051182,Kimball,Kunath,01/07/1995,246-461-7547
6431306929,Torrey,Coppen,11/15/1950,745-262-3127
5696066992,Cary,Batterham,07/07/1974,939-551-4315
2555952527,Weider,Mackstead,09/02/1971,275-936-8946
2346723916,Ailina,Duffan,10/13/1942,803-730-3497
3067285697,Maure,Plascott,08/15/1947,657-750-8454
5490770775,Dinny,Kenninghan,06/10/1980,127-662-7914
4546653034,Timmi,Pickless,02/11/1991,993-710-6863
6240704741,Sydney,Tewkesbury.,02/22/1972,552-283-5054
1966439504,Alexander,Shillaber,02/14/1932,959-367-8856
0497239795,Mace,Mattheeuw,10/01/2002,365-666-6848
2395171158,Conn,O'Nion,02/28/1947,202-916-5316
1605242276,Ulrick,Canon,10/31/1977,900-226-1003
0573264686,Olivette,Hrinishin,03/31/1970,377-500-8323
2374889831,Denice,Serjeantson,05/23/1994,391-905-9367
6063700331,Homere,Janjusevic,01/06/1961,603-532-5013
9602110384,Cosmo,Juan,06/12/1967,152-374-0886
3781349896,Nina,Bracknall,04/18/2005,185-275-1439
5524972731,Armin,Westrip,09/07/1929,871-308-7971
5817787512,Victor,Dumbreck,12/22/1946,817-572-7727
1221521012,Fernanda,Tydd,11/30/1997,702-331-2037
7341807024,Tory,Widdicombe,07/03/2008,708-930-5119
1968379649,Doralyn,O'Griffin,07/05/1934,989-996-5889
3701816123,Gard,Dummett,07/08/1979,219-380-6978
9495716616,Rabbi,Faulkener,07/27/1969,528-243-3313
6201182306,Rosaline,McKeeman,08/12/1995,393-113-6383
7806825444,Marthena,Howood,05/24/1939,763-535-7519
8436401883,Debby,McKeady,03/02/2013,626-313-0789
1013026853,Shaun,Jaine,07/26/1954,616-574-9714
9774067762,Fidelio,Pentecust,01/06/1943,128-545-9192
1008332615,Fawnia,Rosi,03/25/1948,356-649-4561
1129086186,Lanae,Gunthorpe,06/19/1943,828-402-8236
8745813809,Britney,Froud,03/10/2016,574-673-2065
5124243589,Charmine,Prendiville,02/18/1995,244-167-6522
5127309610,Wain,Avann,06/05/1922,543-133-2045
1543070728,Rees,Ismail,04/02/1989,745-772-4066
6691746317,Angeline,Stanyland,01/05/1990,764-641-8518
1551722569,Babb,Brookesbie,10/03/1946,244-564-0445
1852334525,Latrina,Thorneley,09/14/1954,970-469-5030
3795928516,Kellen,Kilner,07/02/1962,332-994-3783
5975547253,Sydel,Shrubsall,11/16/1982,905-904-7608
3356133209,Orel,Ipsley,04/09/1990,385-234-9452
1017034419,Bekki,Laker,05/23/2006,499-605-7826
4916904052,Guglielmo,Cheetham,04/21/1990,914-612-9398
5981732547,Merna,Crowthe,04/09/1987,728-465-9537
2949231292,Winnie,Kares,07/11/1936,390-720-1367
2395846074,Chucho,Nye,04/07/2016,179-197-0482
4932154585,Brinna,Imeson,12/22/1981,936-991-8631
4317736624,Gianna,Cominoli,07/27/1980,370-736-4800
0544995031,Aleta,Shatliffe,10/15/1933,211-628-2232
8401420563,Goraud,de Keep,10/02/1926,661-300-7138
2080107488,Joice,Cramphorn,06/14/1957,717-356-6990
2444919750,Josias,Jertz,08/21/1934,478-373-0097
3321547600,Kean,Lomath,01/02/1984,310-551-8544
7036518952,Ralf,Elias,04/17/1985,457-570-0809
7247317280,Phelia,McAteer,07/09/1926,862-467-9569
6416278545,Ambros,Strover,07/15/2000,455-253-5943
4788948419,Isabel,Hallyburton,10/12/2016,328-552-4234
0267388896,Hillyer,Wenn,08/08/1942,302-345-6985
1207914010,Dunc,Sturte,12/05/1974,601-391-7170
9142168791,Andee,Diperaus,03/07/1988,662-515-2552
0821699210,Colleen,Anglim,06/12/1991,373-159-7097
4669176013,Bertrand,Conrath,06/18/2013,542-773-4311
3901764011,Hyacintha,Tripean,03/03/1941,675-329-7332
2674197714,Anderea,Emeline,10/23/1989,429-529-3626
7227340139,Samaria,Ketcher,12/11/1934,156-512-6484
2636813748,Beltran,Grellis,02/06/1946,820-966-2766
2869470916,Margaretta,Zoren,02/16/1981,831-598-1706
5037778859,Emily,Davet,08/13/1977,333-672-9849
4455143696,Haywood,Flippen,03/10/1919,902-614-8748
8674048641,Elga,Batty,02/01/1935,540-123-6151
7482546995,Barri,Daykin,06/12/1990,991-660-9312
8935669776,Siana,Dorot,11/16/2009,890-203-0594
2053051922,Bernete,McIlvoray,05/21/2003,462-561-1584
1496304918,Jordain,Stryde,03/05/1999,380-495-7547
2888591723,Silvester,McDarmid,11/03/1927,210-413-7082
4658634953,Dew,Mulrooney,04/03/1945,297-964-4569
9832098823,Mora,Gleave,03/02/1968,587-441-9655
0019575181,Guthrey,Allsworth,08/27/1933,859-696-2538
1261428129,Herminia,Longman,11/13/2008,808-455-6828
1527703096,Krissy,Heugh,10/12/1953,423-868-4920
2448449864,Salvatore,Baynon,08/03/2015,374-601-7508
9576020433,Onofredo,Collinge,02/26/1931,171-748-1860
3704732397,Bogart,Grosier,10/11/1926,822-683-2552
0839314779,Brande,Vanyatin,02/06/1968,212-345-6235
7538720014,Julian,Brims,12/15/2007,862-417-1195
8115853860,Dare,Twinbourne,12/23/1976,657-249-1780
7916670003,Nye,Duhig,03/08/2000,927-509-3685
6025889783,Burt,Hassen,03/29/1920,134-865-6081
9001502067,Hana,Shulem,10/04/1938,434-484-6566
4839766878,Reilly,Gudgen,06/12/1933,947-893-1931
7873427684,Nonnah,Bottomer,02/13/1945,501-311-8440
6039752610,Issy,Kentwell,01/14/2001,694-824-4678
3552829482,Reinaldo,Balducci,06/06/1958,618-715-8219
4813344720,Mylo,Gives,01/05/1950,666-709-9723
7878383340,Whitney,Chawkley,07/04/1978,190-389-7251
2589400640,Tore,Dober,03/24/2015,743-705-7420
1026015529,Charis,Coltart,05/18/2003,726-571-2988
5240010714,Kathye,Rough,01/09/2005,407-638-4344
3606116330,Horace,Dixon,01/04/1985,603-135-5479
3881039708,Florette,Chieze,04/27/2002,240-192-7775
5011885747,Debor,Doberer,09/12/1977,677-131-8877
9296969190,Edsel,Eland,08/02/1941,837-386-6500
1503102424,Flemming,Uc,03/22/1986,872-610-7205
3639226089,Boote,Nurny,04/11/1932,781-777-4297
1755208146,Fredra,Stebbing,06/29/1935,272-129-1232
5896307055,Ag,Mayling,01/26/1997,993-375-6773
4147812384,Lucina,MacKey,03/04/1967,520-975-1697
1319426026,Samantha,Gothup,08/26/2006,678-932-7430
4943035760,Jeddy,Mattiussi,02/02/1995,792-856-4902
9440321652,Townie,Poland,11/01/1926,192-292-3188
9924166426,Lenka,Kleinholz,03/25/2004,417-466-1017
6734923169,Kristen,Shearer,03/11/1943,465-940-5546
2375049446,Michaeline,Fanton,09/25/1996,306-224-9038
1632374609,Georgeanna,Dimelow,10/07/1936,903-543-8098
9496985645,Tomas,Oxshott,11/17/1984,554-785-4797
8982001549,Tome,McGragh,07/19/1967,764-198-7108
3557669327,Steve,Creyke,07/23/1926,999-784-4014
8350103361,Florance,Greenset,05/08/1928,242-749-9523
9799400031,Dur,Smallridge,11/26/1966,981-322-3466
1245195131,Skipper,Pryor,08/10/1937,433-281-0493
0095550941,Duffie,Baildon,10/02/1976,265-126-9894
0518498573,Elfrieda,Gillard,10/07/1972,698-563-0712
0590988506,Filide,Vuitton,01/18/1921,124-574-1000
9630522942,Niccolo,Monksfield,11/28/1934,811-718-9913
5165527468,Latrena,Brewett,10/13/1995,626-318-1338
0406946892,Genevra,Cowdrey,05/13/1941,559-316-2729
5775040384,Tabb,Titheridge,11/04/1980,225-386-2339
5319200080,Batsheva,Iorizzo,04/28/1936,382-431-1230
5951145430,Sinclair,Balle,12/09/1997,377-751-5928
1321790511,Basil,Tooze,04/02/1938,647-833-6514
8956996687,Darla,Bootman,06/08/1963,706-849-1014
7789879677,Hillary,Peegrem,06/21/1988,137-158-0561
3278150007,Alexia,Lifsey,11/28/1972,338-609-4285
2575022606,Horace,Giral,02/08/1963,151-688-9345
1272629155,Shirl,Vasyutin,10/09/1930,652-735-0735
1266241248,Henryetta,Yanshonok,05/04/1994,317-455-2485
1557807620,Jo,Pugh,10/09/1970,209-189-5110
2384810006,Darwin,Heimann,07/31/1943,774-476-1443
7948643648,Beauregard,Pawfoot,07/16/2006,334-552-5748
9389193656,Carlotta,Burden,09/18/1997,767-795-7306
8429937331,Henriette,Apfelmann,03/28/1920,174-390-6928
4252277558,Caryl,Flaws,11/26/1951,216-412-9537
5899017899,Kermy,Mandel,02/01/1921,137-810-5152
0152996494,Bink,Rolfo,12/13/1931,802-775-6378
7969329713,Jewel,Rainon,01/21/2007,692-939-0027
9542011954,Kennan,Ogborn,09/07/2003,243-781-0057
8137903399,Kienan,Eicke,10/09/1934,819-816-0017
8937635747,Hannah,Thomazet,05/05/1921,985-800-8832
5899114231,Briano,Durek,06/22/1931,281-981-9438
2604474867,Dorelle,Trembley,08/02/1935,855-809-3011
6002592784,Carmelia,Aprahamian,05/03/1970,793-218-8068
8212144151,Mariska,Bernardet,03/30/1956,648-115-1013
7783533612,Goldie,Cooke,07/17/2005,447-873-5653
5215009481,Gaby,Vedeneev,07/16/1962,156-960-1517
9626162694,Sim,Fallowfield,02/09/1956,958-212-3567
9551362314,Chandal,Shoebrook,03/27/2009,558-397-7746
8078598424,Jaime,Scalera,03/20/1969,992-548-1612
3301396046,Cesya,Mangham,10/24/2015,685-375-8906
2174322811,Devonne,Spong,09/08/1945,620-222-7450
7953830426,Langston,Cluelow,11/14/1931,803-662-5417
4560400261,Asher,Kingsland,12/07/1989,783-802-2293
3894390921,Joann,Goulborne,04/23/1981,403-338-1767
9903543476,Farlie,Di Biasi,02/27/2007,116-467-5898
2761889487,Paige,Nast,01/28/1978,214-563-4932
7224405868,Kial,Reedie,02/21/1929,390-375-9147
8027157358,Carroll,Dooler,08/22/2009,296-751-1589
0578464829,Andras,Larcher,04/04/1939,856-585-9853
4224210762,Rhetta,Hewins,07/08/1999,435-589-4718
9149107046,Shannan,Josowitz,08/16/1947,962-670-0721
5431577077,Olympie,Karadzas,11/28/1965,678-256-2238
5200324106,Anderson,Von Brook,06/02/1926,641-184-2359
2016600225,Tracie,Wetherill,06/29/1995,972-543-2554
1934686301,Sig,Dickon,01/26/1966,177-801-4505
3484984759,Dorian,Gallichan,12/30/1995,597-912-2063
5072092984,Brady,Jermy,11/16/2011,140-822-8730
6106785473,Adrian,Parrott,05/02/1947,273-902-1011
9162715445,Verna,Quail,05/23/1975,955-190-2086
4053298202,Hugh,Ratledge,05/01/1938,603-723-6257
5577702410,Dall,Gunner,07/03/2017,722-321-7619
7139320217,Tull,Damrell,07/16/1990,304-854-0335
8056916644,Bowie,Biles,03/15/1994,258-950-0454
2077425474,Miguel,Tremathack,11/04/1966,482-466-9077
4175837388,Gaelan,Gaythwaite,11/28/1999,466-396-9903
5401920989,Fraze,Wyman,03/17/1951,759-790-0840
1139629379,Marie,Berrygun,08/26/1985,573-816-1362
2985095697,Perl,Sawart,11/21/1983,348-704-3514
6408334709,Fredrick,Jobson,11/12/1977,550-763-7158
7290924452,Milli,Booton,08/18/1968,465-667-4596
9275814848,Chrissie,Glauber,01/20/2016,997-733-2083
4488945112,Reggy,Kleinstub,06/02/2011,625-318-4543
8338508586,Carolynn,Bachelor,03/09/1991,899-663-2042
9417901648,Amalea,Cordery,10/17/1939,874-832-0216
7471885343,Philippine,Sapp,12/17/1969,547-838-5036
9318026382,Libby,Sang,11/18/1959,542-224-3369
6090671584,Dode,Hawksby,05/07/1994,137-506-9056
3236157933,Billie,Le Quesne,09/22/1997,422-907-5508
8926061027,Dorella,Rizzillo,03/13/1930,205-353-3457
8978840647,Jervis,Sturmey,10/15/1991,437-765-2109
3015691880,Sarena,Lamcken,03/23/1967,524-940-9282
5222035530,Vergil,McCrea,11/30/1971,410-849-2912
8926894673,Hailey,Gregorowicz,10/07/1972,795-612-5717
1341328236,Guillaume,Okey,11/12/1995,513-858-8205
1329949218,Packston,Millyard,04/11/1956,136-414-4089
2327327164,Raquela,Gonnard,07/31/1942,771-440-5172
2359900196,Missy,Rentoll,01/24/2012,987-838-5465
4169331591,Grissel,Sicha,09/29/1994,658-324-4733
0457804092,Valaree,Moyce,07/27/1935,161-615-4415
3498247735,Page,Deverose,11/06/1941,207-691-1574
5722809780,Corrianne,Dashwood,11/23/1938,614-422-0711
7846704494,Kiersten,Fould,03/29/1994,529-955-2628
5279032573,Gale,Maytum,05/31/1943,840-189-4322
7426867862,Hastings,Hankey,01/13/1945,178-538-5241
5762135772,August,Ramsell,07/11/1948,100-785-5146
9735756668,Tore,Devonshire,07/29/1968,450-242-0538
3533258394,Jo-ann,Weedon,11/11/2000,708-335-3050
9632240596,Crista,Maccrea,06/14/1921,904-322-1919
0310677750,Sally,Maddick,11/12/1956,967-429-9579
9740393764,Staci,Timoney,12/28/2012,302-205-4385
1184464006,Felice,Keppin,10/28/1954,618-274-9155
7556897001,Mathe,Risebrow,02/22/2015,237-691-1774
5417112593,Lilli,Radish,10/31/1953,563-938-1011
5282672782,Miner,Ealles,03/08/1969,804-171-3893
6121822430,Maurizia,Shayler,03/28/2006,554-382-8229
5478349216,Eddi,Pyke,01/23/1976,105-527-5322
1648048714,Verile,McAlinion,12/01/1931,218-535-1588
1557264554,Mortimer,Hyam,03/13/1992,794-848-0172
7621133252,Morganica,Bain,12/15/1938,672-834-1941
0157793591,Lorant,Scarlon,08/16/1990,929-474-1568
6647243879,Franny,Borland,06/22/1971,217-365-7281
9954867368,Aryn,Eddisforth,04/08/2003,992-453-9621
6527936796,Sue,Blazynski,01/28/1940,932-250-3870
8207910992,Jameson,Poulsen,01/18/1934,197-899-1898
5874714944,Sam,Berrie,12/24/2007,895-971-1340
9141135512,Rina,Setch,05/13/1939,364-437-3065
2695361998,Phillis,Blunsen,12/02/1965,481-419-6209
4914979357,Johnette,Dargavel,02/19/1975,876-621-4694
7861132005,Regine,Davitt,11/28/1970,560-244-3233
4142960199,Simonne,Bilney,09/30/1946,505-962-6139
0291095666,Muriel,De Vries,08/31/1923,490-387-3426
2906116734,Lonee,Molyneux,05/16/1987,912-117-2378
8434414767,Annadiana,Jobes,07/07/1991,328-494-6714
9804368196,Brewster,Bernardeau,05/12/2005,102-395-4697
8069766921,Karoly,Tomczak,04/23/1931,649-496-3750
0406685517,Karisa,Jantel,05/31/1954,547-748-8650
8732665733,Roxy,Abercrombie,05/22/1970,635-466-2907
1017629226,Clare,Beinisch,04/13/1929,774-803-5278
6855035655,Courtenay,Tethcote,06/09/1986,823-195-0555
8625859496,Gina,Leel,06/01/1957,336-983-5990
0536397953,Sukey,Grassot,11/12/1989,579-656-8882
8100212767,Ky,Laba,08/21/1990,226-931-7230
2745941798,Coralyn,Salsberg,11/19/1949,819-696-3391
0605581576,Ursula,Zappel,12/07/1926,780-605-0584
6294460875,Sybyl,Milazzo,03/25/2004,731-202-8430
0404727506,Jakob,Farden,03/26/1960,572-751-7466
1802058885,Deeyn,Lusk,06/06/1974,479-427-9793
8528950204,Fawne,Dulson,09/24/1941,325-870-2396
2398091589,Philomena,Mosby,11/20/1934,822-563-4479
5789409903,Gabriellia,Scaice,05/16/1938,645-816-7648
6858157174,Kiri,Ollington,03/04/1923,171-397-0138
3103571305,Berny,Hackley,02/15/1953,889-329-1756
6629445872,Tabbie,Carslaw,07/19/1971,275-379-8783
0145528332,Nonnah,Corish,11/17/2002,339-624-5583
1874715394,Franciska,Swatheridge,08/30/1973,669-297-3152
3386996116,Selia,O'Leagham,10/19/1992,326-265-7659
6774988601,Eileen,Rollinshaw,12/25/1950,272-437-0042
1319937640,Inge,MacConnechie,08/16/1939,323-926-3587
1579193773,Cesar,Jenton,12/04/1985,359-592-7094
4873577551,Kayla,Ciubutaro,04/15/1931,291-455-0612
5168369103,Molli,Hurich,03/21/1974,212-913-7772
9302277976,Derick,Thys,04/23/1927,787-863-5411
0586275746,Aline,Zumbusch,05/05/2010,313-158-6038
4082097228,Ab,Cuttler,06/27/1938,303-236-9108
8419066788,Maxy,Goodacre,05/26/1942,825-408-0532
1714008681,Pembroke,Kinnin,10/19/1967,653-522-0685
5561954342,Keelby,Whale,03/15/1975,866-923-0588
1422619206,Rickard,Bloxholm,07/22/1968,594-795-1834
5409805100,Aurlie,Galland,01/30/1919,588-438-9798
0926007327,Kalindi,Fores,10/02/1994,429-728-3318
0570424739,Priscella,Montes,10/05/1957,240-604-0103
1229323686,Vilma,Towell,01/04/1984,976-809-1296
3531168592,Dana,Forgan,04/20/2001,446-981-1473
8175592699,Cthrine,Bummfrey,11/06/1949,470-284-0752
